timestamp_ms,setpoint,adc_reading,control_signal,solenoid_state,local_timestamp
166041,1802,1802,446,1,2025-10-29T14:00:08.920420
166141,1710,1710,450,1,2025-10-29T14:00:09.014247
166241,1823,1823,427,1,2025-10-29T14:00:09.135314
166341,1742,1742,455,1,2025-10-29T14:00:09.433122
166441,1791,1791,435,1,2025-10-29T14:00:09.438304
166541,0,0,447,1,2025-10-29T14:00:09.448331
166641,0,0,0,0,2025-10-29T14:00:09.513821
166741,0,0,0,0,2025-10-29T14:00:09.665225
166841,0,0,0,0,2025-10-29T14:00:09.926264
166941,0,0,0,0,2025-10-29T14:00:10.172819
167041,0,0,0,0,2025-10-29T14:00:10.432022
167141,0,0,0,0,2025-10-29T14:00:10.632278
167241,0,0,0,0,2025-10-29T14:00:10.708963
167341,0,0,0,0,2025-10-29T14:00:10.711024
167441,0,0,0,0,2025-10-29T14:00:10.713067
167541,0,0,0,0,2025-10-29T14:00:10.715216
167641,0,0,0,0,2025-10-29T14:00:10.717700
167741,0,0,0,0,2025-10-29T14:00:10.874645
167841,0,0,0,0,2025-10-29T14:00:11.135903
167941,0,0,0,0,2025-10-29T14:00:11.216062
168041,0,0,0,0,2025-10-29T14:00:11.386167
168141,0,0,0,0,2025-10-29T14:00:11.475274
168241,0,0,0,0,2025-10-29T14:00:11.477613
168341,0,0,0,0,2025-10-29T14:00:11.618967
168441,0,0,0,0,2025-10-29T14:00:11.696056
168541,0,0,0,0,2025-10-29T14:00:11.699075
168641,0,0,0,0,2025-10-29T14:00:11.703072
168741,0,0,0,0,2025-10-29T14:00:11.705885
168841,0,0,0,0,2025-10-29T14:00:11.713545
168941,0,0,0,0,2025-10-29T14:00:11.884916
169041,0,0,0,0,2025-10-29T14:00:11.940275
169141,0,0,0,0,2025-10-29T14:00:12.097997
169241,0,0,0,0,2025-10-29T14:00:12.179403
169341,0,0,0,0,2025-10-29T14:00:12.224631
169441,0,0,0,0,2025-10-29T14:00:12.487488
169541,0,0,0,0,2025-10-29T14:00:12.731398
169641,0,0,0,0,2025-10-29T14:00:12.969729
169741,1709,1709,0,0,2025-10-29T14:00:13.226070
169841,1804,1804,426,1,2025-10-29T14:00:13.461499
169941,1807,1807,450,1,2025-10-29T14:00:13.703008
170041,1760,1760,451,1,2025-10-29T14:00:13.968786
170141,1772,1772,439,1,2025-10-29T14:00:14.222503
170241,1799,1799,442,1,2025-10-29T14:00:14.543742
170341,1726,1726,449,1,2025-10-29T14:00:14.589164
170441,1806,1806,431,1,2025-10-29T14:00:14.763455
170541,1770,1770,451,1,2025-10-29T14:00:14.825671
170641,1756,1756,442,1,2025-10-29T14:00:14.828974
170741,1736,1736,438,1,2025-10-29T14:00:15.013908
170841,1737,1737,433,1,2025-10-29T14:00:15.081687
170941,1690,1690,433,1,2025-10-29T14:00:15.084208
171041,1691,1691,422,1,2025-10-29T14:00:15.200818
171141,1693,1693,422,1,2025-10-29T14:00:15.325127
171241,1757,1757,422,1,2025-10-29T14:00:15.329210
171341,1694,1694,438,1,2025-10-29T14:00:15.543014
171441,1674,1674,423,1,2025-10-29T14:00:15.701854
171541,1673,1673,418,1,2025-10-29T14:00:15.854177
171641,1720,1720,417,1,2025-10-29T14:00:15.856564
171741,1693,1693,429,1,2025-10-29T14:00:15.859013
171841,1656,1656,422,1,2025-10-29T14:00:15.861412
171941,1654,1654,413,1,2025-10-29T14:00:15.863666
172041,0,0,413,1,2025-10-29T14:00:16.058256
172141,0,0,0,0,2025-10-29T14:00:16.124290
172241,0,0,0,0,2025-10-29T14:00:16.300158
172341,0,0,0,0,2025-10-29T14:00:16.397264
172441,0,0,0,0,2025-10-29T14:00:16.584601
172541,0,0,0,0,2025-10-29T14:00:16.653492
172641,0,0,0,0,2025-10-29T14:00:16.851366
172741,0,0,0,0,2025-10-29T14:00:16.877518
172841,0,0,0,0,2025-10-29T14:00:16.879458
172941,0,0,0,0,2025-10-29T14:00:16.881249
173041,0,0,0,0,2025-10-29T14:00:17.035345
173141,0,0,0,0,2025-10-29T14:00:17.271276
173241,0,0,0,0,2025-10-29T14:00:17.317055
173341,0,0,0,0,2025-10-29T14:00:17.319211
173441,0,0,0,0,2025-10-29T14:00:17.321461
173541,0,0,0,0,2025-10-29T14:00:17.323464
173641,0,0,0,0,2025-10-29T14:00:17.325485
173741,0,0,0,0,2025-10-29T14:00:17.327520
173841,0,0,0,0,2025-10-29T14:00:17.329538
173941,0,0,0,0,2025-10-29T14:00:17.331559
174041,0,0,0,0,2025-10-29T14:00:17.333148
174141,0,0,0,0,2025-10-29T14:00:17.335371
174241,0,0,0,0,2025-10-29T14:00:17.455126
174341,0,0,0,0,2025-10-29T14:00:17.491984
174441,0,0,0,0,2025-10-29T14:00:17.539609
174541,0,0,0,0,2025-10-29T14:00:17.541567
174641,0,0,0,0,2025-10-29T14:00:17.543296
174741,0,0,0,0,2025-10-29T14:00:17.661366
174841,0,0,0,0,2025-10-29T14:00:17.713096
174941,0,0,0,0,2025-10-29T14:00:17.859288
175041,0,0,0,0,2025-10-29T14:00:17.924423
175141,218,218,0,0,2025-10-29T14:00:18.077215
175241,1643,1643,54,1,2025-10-29T14:00:18.119480
175341,1800,1800,410,1,2025-10-29T14:00:18.264626
175441,1801,1801,449,1,2025-10-29T14:00:18.313357
175541,1772,1772,449,1,2025-10-29T14:00:18.498915
175641,1753,1753,442,1,2025-10-29T14:00:18.539367
175741,1752,1752,437,1,2025-10-29T14:00:18.677663
175841,1711,1711,437,1,2025-10-29T14:00:18.723119
175941,1710,1710,427,1,2025-10-29T14:00:18.872436
176041,1752,1752,427,1,2025-10-29T14:00:18.914051
176141,1693,1693,437,1,2025-10-29T14:00:19.067164
176241,1757,1757,422,1,2025-10-29T14:00:19.116459
176341,1771,1771,438,1,2025-10-29T14:00:19.289108
176441,1688,1688,442,1,2025-10-29T14:00:19.326119
176541,1705,1705,421,1,2025-10-29T14:00:19.492739
176641,1678,1678,425,1,2025-10-29T14:00:19.535946
176741,1688,1688,419,1,2025-10-29T14:00:19.688047
176841,1705,1705,421,1,2025-10-29T14:00:19.728559
176941,1710,1710,425,1,2025-10-29T14:00:19.878857
177041,1660,1660,427,1,2025-10-29T14:00:19.914825
177141,1694,1694,414,1,2025-10-29T14:00:20.061424
177241,1662,1662,423,1,2025-10-29T14:00:20.124247
177341,1646,1646,415,1,2025-10-29T14:00:20.249963
177441,1662,1662,411,1,2025-10-29T14:00:20.313157
177541,0,0,415,1,2025-10-29T14:00:20.441597
177641,0,0,0,0,2025-10-29T14:00:20.513291
177741,0,0,0,0,2025-10-29T14:00:20.643273
177841,0,0,0,0,2025-10-29T14:00:20.713404
177941,0,0,0,0,2025-10-29T14:00:20.830319
178041,0,0,0,0,2025-10-29T14:00:20.912987
178141,0,0,0,0,2025-10-29T14:00:21.035418
178241,0,0,0,0,2025-10-29T14:00:21.113006
178341,0,0,0,0,2025-10-29T14:00:21.225431
178441,0,0,0,0,2025-10-29T14:00:21.313182
178541,0,0,0,0,2025-10-29T14:00:21.455293
178641,0,0,0,0,2025-10-29T14:00:21.522196
178741,0,0,0,0,2025-10-29T14:00:21.663489
178841,0,0,0,0,2025-10-29T14:00:21.723376
178941,0,0,0,0,2025-10-29T14:00:21.851205
179041,0,0,0,0,2025-10-29T14:00:21.917798
179141,0,0,0,0,2025-10-29T14:00:22.078828
179241,0,0,0,0,2025-10-29T14:00:22.272573
179341,0,0,0,0,2025-10-29T14:00:22.338663
179441,0,0,0,0,2025-10-29T14:00:22.340057
179541,0,0,0,0,2025-10-29T14:00:22.473982
179641,0,0,0,0,2025-10-29T14:00:22.534785
179741,0,0,0,0,2025-10-29T14:00:22.691882
179841,0,0,0,0,2025-10-29T14:00:22.741845
179941,0,0,0,0,2025-10-29T14:00:22.887527
180041,0,0,0,0,2025-10-29T14:00:22.942448
180141,0,0,0,0,2025-10-29T14:00:23.101156
180241,0,0,0,0,2025-10-29T14:00:23.156892
180341,0,0,0,0,2025-10-29T14:00:23.298899
180441,0,0,0,0,2025-10-29T14:00:23.348258
180541,0,0,0,0,2025-10-29T14:00:23.489988
180641,205,205,0,0,2025-10-29T14:00:23.537578
180741,1694,1694,51,1,2025-10-29T14:00:23.687997
180841,1751,1751,423,1,2025-10-29T14:00:23.752521
180941,1709,1709,437,1,2025-10-29T14:00:23.902674
181041,1759,1759,426,1,2025-10-29T14:00:23.946915
181141,1788,1788,439,1,2025-10-29T14:00:24.090594
181241,1803,1803,446,1,2025-10-29T14:00:24.157051
181341,1759,1759,450,1,2025-10-29T14:00:24.308147
181441,1776,1776,439,1,2025-10-29T14:00:24.523242
181541,1766,1766,443,1,2025-10-29T14:00:24.568385
181641,1658,1658,441,1,2025-10-29T14:00:24.571666
181741,1686,1686,414,1,2025-10-29T14:00:24.719083
181841,1694,1694,421,1,2025-10-29T14:00:24.769373
181941,1688,1688,423,1,2025-10-29T14:00:24.921939
182041,1724,1724,421,1,2025-10-29T14:00:24.971463
182141,1754,1754,430,1,2025-10-29T14:00:25.012925
182241,1708,1708,438,1,2025-10-29T14:00:25.122490
182341,1695,1695,426,1,2025-10-29T14:00:25.313084
182441,1626,1626,423,1,2025-10-29T14:00:25.362844
182541,1723,1723,406,1,2025-10-29T14:00:25.503364
182641,1708,1708,430,1,2025-10-29T14:00:25.577120
182741,1646,1646,426,1,2025-10-29T14:00:25.613075
182841,1693,1693,411,1,2025-10-29T14:00:25.752196
182941,1626,1626,422,1,2025-10-29T14:00:25.812855
183041,0,0,406,1,2025-10-29T14:00:25.938971
183141,0,0,0,0,2025-10-29T14:00:26.012737
183241,0,0,0,0,2025-10-29T14:00:26.132247
183341,0,0,0,0,2025-10-29T14:00:26.212750
183441,0,0,0,0,2025-10-29T14:00:26.312884
183541,0,0,0,0,2025-10-29T14:00:26.444226
183641,0,0,0,0,2025-10-29T14:00:26.592655
183741,0,0,0,0,2025-10-29T14:00:26.646350
183841,0,0,0,0,2025-10-29T14:00:26.773803
183941,0,0,0,0,2025-10-29T14:00:26.829148
184041,0,0,0,0,2025-10-29T14:00:26.972730
184141,0,0,0,0,2025-10-29T14:00:27.030546
184241,0,0,0,0,2025-10-29T14:00:27.179958
184341,0,0,0,0,2025-10-29T14:00:27.253937
184441,0,0,0,0,2025-10-29T14:00:27.376759
184541,0,0,0,0,2025-10-29T14:00:27.434741
184641,0,0,0,0,2025-10-29T14:00:27.584483
184741,0,0,0,0,2025-10-29T14:00:27.642341
184841,0,0,0,0,2025-10-29T14:00:27.814247
184941,0,0,0,0,2025-10-29T14:00:27.862341
185041,0,0,0,0,2025-10-29T14:00:28.003547
185141,0,0,0,0,2025-10-29T14:00:28.074174
185241,0,0,0,0,2025-10-29T14:00:28.194861
185341,0,0,0,0,2025-10-29T14:00:28.257312
185441,0,0,0,0,2025-10-29T14:00:28.388504
185541,0,0,0,0,2025-10-29T14:00:28.447124
185641,0,0,0,0,2025-10-29T14:00:28.606451
185741,0,0,0,0,2025-10-29T14:00:28.652923
185841,0,0,0,0,2025-10-29T14:00:28.802915
185941,0,0,0,0,2025-10-29T14:00:28.868588
186041,0,0,0,0,2025-10-29T14:00:29.011717
186141,425,425,0,0,2025-10-29T14:00:29.071017
186241,1783,1783,106,1,2025-10-29T14:00:29.214530
186341,1807,1807,445,1,2025-10-29T14:00:29.281998
186441,1757,1757,451,1,2025-10-29T14:00:29.412576
186541,1771,1771,438,1,2025-10-29T14:00:29.469275
186641,1784,1784,442,1,2025-10-29T14:00:29.512723
186741,1742,1742,445,1,2025-10-29T14:00:29.615032
186841,1815,1815,435,1,2025-10-29T14:00:29.834656
186941,1864,1864,453,1,2025-10-29T14:00:29.876374
187041,1720,1720,465,1,2025-10-29T14:00:29.912688
187141,1787,1787,429,1,2025-10-29T14:00:30.029979
187241,1721,1721,446,1,2025-10-29T14:00:30.112676
187341,1823,1823,429,1,2025-10-29T14:00:30.212876
187441,1792,1792,455,1,2025-10-29T14:00:30.417410
187541,1768,1768,447,1,2025-10-29T14:00:30.451075
187641,1736,1736,441,1,2025-10-29T14:00:30.591813
187741,1735,1735,433,1,2025-10-29T14:00:30.642803
187841,1728,1728,433,1,2025-10-29T14:00:30.814914
187941,1722,1722,431,1,2025-10-29T14:00:30.855597
188041,1708,1708,430,1,2025-10-29T14:00:31.037693
188141,1758,1758,426,1,2025-10-29T14:00:31.077804
188241,1759,1759,439,1,2025-10-29T14:00:31.112653
188341,1706,1706,439,1,2025-10-29T14:00:31.226866
188441,1738,1738,426,1,2025-10-29T14:00:31.400566
188541,0,0,434,1,2025-10-29T14:00:31.452327
188641,0,0,0,0,2025-10-29T14:00:31.584688
188741,0,0,0,0,2025-10-29T14:00:31.636786
188841,0,0,0,0,2025-10-29T14:00:31.792034
188941,0,0,0,0,2025-10-29T14:00:31.837631
189041,0,0,0,0,2025-10-29T14:00:31.974604
189141,0,0,0,0,2025-10-29T14:00:32.012451
189241,0,0,0,0,2025-10-29T14:00:32.190186
189341,0,0,0,0,2025-10-29T14:00:32.244775
189441,0,0,0,0,2025-10-29T14:00:32.377262
189541,0,0,0,0,2025-10-29T14:00:32.441450
189641,0,0,0,0,2025-10-29T14:00:32.575690
189741,0,0,0,0,2025-10-29T14:00:32.629231
189841,0,0,0,0,2025-10-29T14:00:32.777257
189941,0,0,0,0,2025-10-29T14:00:32.826210
190041,0,0,0,0,2025-10-29T14:00:32.937968
190141,0,0,0,0,2025-10-29T14:00:33.021822
190241,0,0,0,0,2025-10-29T14:00:33.182279
190341,0,0,0,0,2025-10-29T14:00:33.228144
190441,0,0,0,0,2025-10-29T14:00:33.384668
190541,0,0,0,0,2025-10-29T14:00:33.446171
190641,0,0,0,0,2025-10-29T14:00:33.568680
190741,0,0,0,0,2025-10-29T14:00:33.622888
190841,0,0,0,0,2025-10-29T14:00:33.767357
190941,0,0,0,0,2025-10-29T14:00:33.824658
191041,0,0,0,0,2025-10-29T14:00:33.979694
191141,0,0,0,0,2025-10-29T14:00:34.029561
191241,0,0,0,0,2025-10-29T14:00:34.190326
191341,0,0,0,0,2025-10-29T14:00:34.244160
191441,0,0,0,0,2025-10-29T14:00:34.398412
191541,0,0,0,0,2025-10-29T14:00:34.449311
191641,698,698,0,0,2025-10-29T14:00:34.570096
191741,1770,1770,174,1,2025-10-29T14:00:34.614296
191841,1816,1816,442,1,2025-10-29T14:00:34.739193
191941,1723,1723,453,1,2025-10-29T14:00:34.852154
192041,1776,1776,430,1,2025-10-29T14:00:34.999851
192141,1725,1725,443,1,2025-10-29T14:00:35.046523
192241,1742,1742,430,1,2025-10-29T14:00:35.192156
192341,1767,1767,435,1,2025-10-29T14:00:35.242587
192441,1711,1711,441,1,2025-10-29T14:00:35.374880
192541,1725,1725,427,1,2025-10-29T14:00:35.423132
192641,1753,1753,430,1,2025-10-29T14:00:35.512468
192741,1736,1736,437,1,2025-10-29T14:00:35.630107
192841,1770,1770,433,1,2025-10-29T14:00:35.713085
192941,1695,1695,442,1,2025-10-29T14:00:35.833024
193041,1676,1676,423,1,2025-10-29T14:00:35.912437
193141,1726,1726,418,1,2025-10-29T14:00:36.032329
193241,1753,1753,431,1,2025-10-29T14:00:36.204425
193341,1751,1751,437,1,2025-10-29T14:00:36.256180
193441,1659,1659,437,1,2025-10-29T14:00:36.392779
193541,1758,1758,414,1,2025-10-29T14:00:36.445531
193641,1691,1691,439,1,2025-10-29T14:00:36.586591
193741,1673,1673,422,1,2025-10-29T14:00:36.649661
193841,1663,1663,417,1,2025-10-29T14:00:36.784607
193941,1691,1691,415,1,2025-10-29T14:00:36.833623
194041,0,0,422,1,2025-10-29T14:00:36.971108
194141,0,0,0,0,2025-10-29T14:00:37.019902
194241,0,0,0,0,2025-10-29T14:00:37.190161
194341,0,0,0,0,2025-10-29T14:00:37.242503
194441,0,0,0,0,2025-10-29T14:00:37.395156
194541,0,0,0,0,2025-10-29T14:00:37.441976
194641,0,0,0,0,2025-10-29T14:00:37.589796
194741,0,0,0,0,2025-10-29T14:00:37.645015
194841,0,0,0,0,2025-10-29T14:00:37.785099
194941,0,0,0,0,2025-10-29T14:00:37.839980
195041,0,0,0,0,2025-10-29T14:00:37.974107
195141,0,0,0,0,2025-10-29T14:00:38.028917
195241,0,0,0,0,2025-10-29T14:00:38.192662
195341,0,0,0,0,2025-10-29T14:00:38.250392
195441,0,0,0,0,2025-10-29T14:00:38.397786
195541,0,0,0,0,2025-10-29T14:00:38.577027
195641,0,0,0,0,2025-10-29T14:00:38.640908
195741,0,0,0,0,2025-10-29T14:00:38.642601
195841,0,0,0,0,2025-10-29T14:00:38.771602
195941,0,0,0,0,2025-10-29T14:00:38.829850
196041,0,0,0,0,2025-10-29T14:00:39.003991
196141,0,0,0,0,2025-10-29T14:00:39.087622
196241,0,0,0,0,2025-10-29T14:00:39.202795
196341,0,0,0,0,2025-10-29T14:00:39.249157
196441,0,0,0,0,2025-10-29T14:00:39.370767
196541,0,0,0,0,2025-10-29T14:00:39.431626
196641,0,0,0,0,2025-10-29T14:00:39.591388
196741,0,0,0,0,2025-10-29T14:00:39.643292
196841,0,0,0,0,2025-10-29T14:00:39.772648
196941,0,0,0,0,2025-10-29T14:00:39.834485
197041,0,0,0,0,2025-10-29T14:00:39.982108
197141,829,829,0,0,2025-10-29T14:00:40.037917
197241,1736,1736,207,1,2025-10-29T14:00:40.182243
197341,1757,1757,433,1,2025-10-29T14:00:40.231582
197441,1773,1773,438,1,2025-10-29T14:00:40.380242
197541,1787,1787,442,1,2025-10-29T14:00:40.425741
197641,1805,1805,446,1,2025-10-29T14:00:40.589977
197741,1756,1756,450,1,2025-10-29T14:00:40.638382
197841,1833,1833,438,1,2025-10-29T14:00:40.783229
197941,1771,1771,457,1,2025-10-29T14:00:40.840930
198041,1771,1771,442,1,2025-10-29T14:00:40.995439
198141,1783,1783,442,1,2025-10-29T14:00:41.066885
198241,1719,1719,445,1,2025-10-29T14:00:41.197871
198341,1767,1767,429,1,2025-10-29T14:00:41.240376
198441,1720,1720,441,1,2025-10-29T14:00:41.406573
198541,1704,1704,429,1,2025-10-29T14:00:41.451539
198641,1676,1676,425,1,2025-10-29T14:00:41.623409
198741,1711,1711,418,1,2025-10-29T14:00:41.666718
198841,1800,1800,427,1,2025-10-29T14:00:41.712836
198941,1693,1693,449,1,2025-10-29T14:00:41.842258
199041,1724,1724,422,1,2025-10-29T14:00:41.912122
199141,1706,1706,430,1,2025-10-29T14:00:42.046182
199241,1736,1736,426,1,2025-10-29T14:00:42.213319
199341,1722,1722,433,1,2025-10-29T14:00:42.259725
199441,1638,1638,430,1,2025-10-29T14:00:42.356788
199541,0,0,409,1,2025-10-29T14:00:42.443615
199641,0,0,0,0,2025-10-29T14:00:42.596175
199741,0,0,0,0,2025-10-29T14:00:42.653153
199841,0,0,0,0,2025-10-29T14:00:42.800005
199941,0,0,0,0,2025-10-29T14:00:42.861128
200041,0,0,0,0,2025-10-29T14:00:43.002570
200141,0,0,0,0,2025-10-29T14:00:43.062761
200241,0,0,0,0,2025-10-29T14:00:43.203478
200341,0,0,0,0,2025-10-29T14:00:43.260676
200441,0,0,0,0,2025-10-29T14:00:43.311955
200541,0,0,0,0,2025-10-29T14:00:43.475083
200641,0,0,0,0,2025-10-29T14:00:43.511934
200741,0,0,0,0,2025-10-29T14:00:43.685531
200841,0,0,0,0,2025-10-29T14:00:43.736970
200941,0,0,0,0,2025-10-29T14:00:43.879110
201041,0,0,0,0,2025-10-29T14:00:43.940691
201141,0,0,0,0,2025-10-29T14:00:44.084740
201241,0,0,0,0,2025-10-29T14:00:44.143702
201341,0,0,0,0,2025-10-29T14:00:44.315403
201441,0,0,0,0,2025-10-29T14:00:44.361565
201541,0,0,0,0,2025-10-29T14:00:44.529424
201641,0,0,0,0,2025-10-29T14:00:44.746734
201741,0,0,0,0,2025-10-29T14:00:44.781671
201841,0,0,0,0,2025-10-29T14:00:44.783365
201941,0,0,0,0,2025-10-29T14:00:44.811917
202041,0,0,0,0,2025-10-29T14:00:44.921807
202141,0,0,0,0,2025-10-29T14:00:45.055305
202241,0,0,0,0,2025-10-29T14:00:45.165685
202341,0,0,0,0,2025-10-29T14:00:45.302100
202441,0,0,0,0,2025-10-29T14:00:45.361178
202541,0,0,0,0,2025-10-29T14:00:45.508357
202641,1225,1225,0,0,2025-10-29T14:00:45.570342
202741,1695,1695,306,1,2025-10-29T14:00:45.718091
202841,1739,1739,423,1,2025-10-29T14:00:45.762119
202941,1855,1855,434,1,2025-10-29T14:00:45.916174
203041,1742,1742,463,1,2025-10-29T14:00:45.991959
203141,1799,1799,435,1,2025-10-29T14:00:46.011968
203241,1767,1767,449,1,2025-10-29T14:00:46.143818
203341,1742,1742,441,1,2025-10-29T14:00:46.319329
203441,1741,1741,435,1,2025-10-29T14:00:46.367628
203541,1755,1755,434,1,2025-10-29T14:00:46.518366
203641,1769,1769,438,1,2025-10-29T14:00:46.576361
203741,1771,1771,441,1,2025-10-29T14:00:46.729528
203841,1769,1769,442,1,2025-10-29T14:00:46.945859
203941,1725,1725,441,1,2025-10-29T14:00:46.975678
204041,1688,1688,430,1,2025-10-29T14:00:46.979324
204141,1754,1754,421,1,2025-10-29T14:00:47.021769
204241,1752,1752,438,1,2025-10-29T14:00:47.189753
204341,1807,1807,437,1,2025-10-29T14:00:47.217851
204441,1754,1754,451,1,2025-10-29T14:00:47.348707
204541,1769,1769,438,1,2025-10-29T14:00:47.411850
204641,1720,1720,441,1,2025-10-29T14:00:47.566833
204741,1679,1679,429,1,2025-10-29T14:00:47.618456
204841,1743,1743,419,1,2025-10-29T14:00:47.757456
204941,1375,1375,435,1,2025-10-29T14:00:47.815721
205041,0,0,343,1,2025-10-29T14:00:47.963989
205141,0,0,0,0,2025-10-29T14:00:48.020734
205241,0,0,0,0,2025-10-29T14:00:48.208741
205341,0,0,0,0,2025-10-29T14:00:48.299169
205441,0,0,0,0,2025-10-29T14:00:48.311730
205541,0,0,0,0,2025-10-29T14:00:48.442074
205641,0,0,0,0,2025-10-29T14:00:48.511742
205741,0,0,0,0,2025-10-29T14:00:48.653440
205841,0,0,0,0,2025-10-29T14:00:48.711777
205941,0,0,0,0,2025-10-29T14:00:48.872580
206041,0,0,0,0,2025-10-29T14:00:48.916945
206141,0,0,0,0,2025-10-29T14:00:49.058998
206241,0,0,0,0,2025-10-29T14:00:49.111831
206341,0,0,0,0,2025-10-29T14:00:49.269289
206441,0,0,0,0,2025-10-29T14:00:49.318125
206541,0,0,0,0,2025-10-29T14:00:49.467301
206641,0,0,0,0,2025-10-29T14:00:49.517024
206741,0,0,0,0,2025-10-29T14:00:49.688678
206841,0,0,0,0,2025-10-29T14:00:49.749734
206941,0,0,0,0,2025-10-29T14:00:49.878404
207041,0,0,0,0,2025-10-29T14:00:49.933110
207141,0,0,0,0,2025-10-29T14:00:50.071679
207241,0,0,0,0,2025-10-29T14:00:50.122917
207341,0,0,0,0,2025-10-29T14:00:50.263301
207441,0,0,0,0,2025-10-29T14:00:50.314195
207541,0,0,0,0,2025-10-29T14:00:50.468725
207641,0,0,0,0,2025-10-29T14:00:50.535981
207741,0,0,0,0,2025-10-29T14:00:50.650522
207841,0,0,0,0,2025-10-29T14:00:50.711647
207941,0,0,0,0,2025-10-29T14:00:50.846912
208041,0,0,0,0,2025-10-29T14:00:50.911620
208141,1515,1515,0,0,2025-10-29T14:00:51.044892
208241,1769,1769,378,1,2025-10-29T14:00:51.111730
208341,1805,1805,441,1,2025-10-29T14:00:51.260416
208441,1854,1854,450,1,2025-10-29T14:00:51.311769
208541,1755,1755,463,1,2025-10-29T14:00:51.450730
208641,1773,1773,438,1,2025-10-29T14:00:51.511733
208741,1837,1837,442,1,2025-10-29T14:00:51.650169
208841,1788,1788,458,1,2025-10-29T14:00:51.712566
208941,1752,1752,446,1,2025-10-29T14:00:51.857618
209041,1787,1787,437,1,2025-10-29T14:00:51.911692
209141,1774,1774,446,1,2025-10-29T14:00:52.060394
209241,1757,1757,443,1,2025-10-29T14:00:52.114113
209341,1744,1744,438,1,2025-10-29T14:00:52.259806
209441,1725,1725,435,1,2025-10-29T14:00:52.311745
209541,1755,1755,430,1,2025-10-29T14:00:52.463075
209641,1802,1802,438,1,2025-10-29T14:00:52.511644
209741,1719,1719,450,1,2025-10-29T14:00:52.656439
209841,1751,1751,429,1,2025-10-29T14:00:52.711643
209941,1736,1736,437,1,2025-10-29T14:00:52.840026
210041,1709,1709,433,1,2025-10-29T14:00:52.911637
210141,1727,1727,426,1,2025-10-29T14:00:53.040659
210241,1788,1788,431,1,2025-10-29T14:00:53.111624
210341,1739,1739,446,1,2025-10-29T14:00:53.249084
210441,0,0,434,1,2025-10-29T14:00:53.311503
210541,0,0,0,0,2025-10-29T14:00:53.432608
210641,0,0,0,0,2025-10-29T14:00:53.511485
210741,0,0,0,0,2025-10-29T14:00:53.639442
210841,0,0,0,0,2025-10-29T14:00:53.711690
210941,0,0,0,0,2025-10-29T14:00:53.822980
211041,0,0,0,0,2025-10-29T14:00:53.911472
211141,0,0,0,0,2025-10-29T14:00:54.016235
211241,0,0,0,0,2025-10-29T14:00:54.111555
211341,0,0,0,0,2025-10-29T14:00:54.215991
211441,0,0,0,0,2025-10-29T14:00:54.413370
211541,0,0,0,0,2025-10-29T14:00:54.461844
211641,0,0,0,0,2025-10-29T14:00:54.571135
211741,0,0,0,0,2025-10-29T14:00:54.658856
211841,0,0,0,0,2025-10-29T14:00:54.823309
211941,0,0,0,0,2025-10-29T14:00:54.882819
212041,0,0,0,0,2025-10-29T14:00:54.911405
212141,0,0,0,0,2025-10-29T14:00:55.027979
212241,0,0,0,0,2025-10-29T14:00:55.111408
212341,0,0,0,0,2025-10-29T14:00:55.224264
212441,0,0,0,0,2025-10-29T14:00:55.311402
212541,0,0,0,0,2025-10-29T14:00:55.443181
212641,0,0,0,0,2025-10-29T14:00:55.594615
212741,0,0,0,0,2025-10-29T14:00:55.649346
212841,0,0,0,0,2025-10-29T14:00:55.770355
212941,0,0,0,0,2025-10-29T14:00:55.835022
213041,0,0,0,0,2025-10-29T14:00:56.003053
213141,0,0,0,0,2025-10-29T14:00:56.043503
213241,0,0,0,0,2025-10-29T14:00:56.193843
213341,0,0,0,0,2025-10-29T14:00:56.245006
213441,0,0,0,0,2025-10-29T14:00:56.395794
213541,0,0,0,0,2025-10-29T14:00:56.452047
213641,1657,1657,0,0,2025-10-29T14:00:56.604203
213741,1848,1848,413,1,2025-10-29T14:00:56.649673
213841,1757,1757,461,1,2025-10-29T14:00:56.814088
213941,1867,1867,438,1,2025-10-29T14:00:56.858315
214041,1818,1818,466,1,2025-10-29T14:00:57.006858
214141,1815,1815,454,1,2025-10-29T14:00:57.075433
214241,1724,1724,453,1,2025-10-29T14:00:57.111427
214341,1756,1756,430,1,2025-10-29T14:00:57.242630
214441,1815,1815,438,1,2025-10-29T14:00:57.405705
214541,1774,1774,453,1,2025-10-29T14:00:57.451532
214641,1819,1819,443,1,2025-10-29T14:00:57.610834
214741,1695,1695,454,1,2025-10-29T14:00:57.656872
214841,1754,1754,423,1,2025-10-29T14:00:57.803276
214941,1791,1791,438,1,2025-10-29T14:00:57.849097
215041,1739,1739,447,1,2025-10-29T14:00:57.992251
215141,1774,1774,434,1,2025-10-29T14:00:58.048764
215241,1783,1783,443,1,2025-10-29T14:00:58.193347
215341,1739,1739,445,1,2025-10-29T14:00:58.239681
215441,1736,1736,434,1,2025-10-29T14:00:58.398733
215541,1833,1833,433,1,2025-10-29T14:00:58.442150
215641,1816,1816,457,1,2025-10-29T14:00:58.587945
215741,1739,1739,453,1,2025-10-29T14:00:58.636595
215841,1708,1708,434,1,2025-10-29T14:00:58.791303
215941,0,0,426,1,2025-10-29T14:00:58.850526
216041,0,0,0,0,2025-10-29T14:00:58.991043
216141,0,0,0,0,2025-10-29T14:00:59.043934
216241,0,0,0,0,2025-10-29T14:00:59.232277
216341,0,0,0,0,2025-10-29T14:00:59.301889
216441,0,0,0,0,2025-10-29T14:00:59.311178
216541,0,0,0,0,2025-10-29T14:00:59.433928
216641,0,0,0,0,2025-10-29T14:00:59.511277
216741,0,0,0,0,2025-10-29T14:00:59.632502
216841,0,0,0,0,2025-10-29T14:00:59.711217
216941,0,0,0,0,2025-10-29T14:00:59.839817
217041,0,0,0,0,2025-10-29T14:00:59.911201
217141,0,0,0,0,2025-10-29T14:01:00.036531
217241,0,0,0,0,2025-10-29T14:01:00.111151
217341,0,0,0,0,2025-10-29T14:01:00.225131
217441,0,0,0,0,2025-10-29T14:01:00.311156
217541,0,0,0,0,2025-10-29T14:01:00.457678
217641,0,0,0,0,2025-10-29T14:01:00.646696
217741,0,0,0,0,2025-10-29T14:01:00.693273
217841,0,0,0,0,2025-10-29T14:01:00.711136
217941,0,0,0,0,2025-10-29T14:01:00.836743
218041,0,0,0,0,2025-10-29T14:01:00.911624
218141,0,0,0,0,2025-10-29T14:01:01.044150
218241,0,0,0,0,2025-10-29T14:01:01.111114
218341,0,0,0,0,2025-10-29T14:01:01.236039
218441,0,0,0,0,2025-10-29T14:01:01.311118
218541,0,0,0,0,2025-10-29T14:01:01.444704
218641,0,0,0,0,2025-10-29T14:01:01.511082
218741,0,0,0,0,2025-10-29T14:01:01.637159
218841,0,0,0,0,2025-10-29T14:01:01.711085
218941,0,0,0,0,2025-10-29T14:01:01.836456
219041,398,398,0,0,2025-10-29T14:01:01.911153
219141,1754,1754,99,1,2025-10-29T14:01:02.046781
219241,1788,1788,438,1,2025-10-29T14:01:02.111221
219341,1800,1800,446,1,2025-10-29T14:01:02.246238
219441,1849,1849,449,1,2025-10-29T14:01:02.311180
219541,1804,1804,461,1,2025-10-29T14:01:02.432781
219641,1853,1853,450,1,2025-10-29T14:01:02.511873
219741,1832,1832,462,1,2025-10-29T14:01:02.649236
219841,1833,1833,457,1,2025-10-29T14:01:02.711182
219941,1767,1767,457,1,2025-10-29T14:01:02.827447
220041,1753,1753,441,1,2025-10-29T14:01:02.911156
220141,1773,1773,437,1,2025-10-29T14:01:03.068583
220241,1774,1774,442,1,2025-10-29T14:01:03.111172
220341,1656,1656,443,1,2025-10-29T14:01:03.235806
220441,1789,1789,413,1,2025-10-29T14:01:03.311168
220541,1758,1758,446,1,2025-10-29T14:01:03.447966
220641,1820,1820,439,1,2025-10-29T14:01:03.511858
220741,1772,1772,454,1,2025-10-29T14:01:03.661578
220841,1690,1690,442,1,2025-10-29T14:01:03.711087
220941,1725,1725,422,1,2025-10-29T14:01:03.863053
221041,1740,1740,430,1,2025-10-29T14:01:03.911097
221141,1767,1767,434,1,2025-10-29T14:01:04.053627
221241,1740,1740,441,1,2025-10-29T14:01:04.111116
221341,1709,1709,434,1,2025-10-29T14:01:04.248782
221441,0,0,426,1,2025-10-29T14:01:04.311015
221541,0,0,0,0,2025-10-29T14:01:04.463785
221641,0,0,0,0,2025-10-29T14:01:04.513745
221741,0,0,0,0,2025-10-29T14:01:04.660445
221841,0,0,0,0,2025-10-29T14:01:04.714098
221941,0,0,0,0,2025-10-29T14:01:04.868118
222041,0,0,0,0,2025-10-29T14:01:04.923424
222141,0,0,0,0,2025-10-29T14:01:05.075278
222241,0,0,0,0,2025-10-29T14:01:05.128233
222341,0,0,0,0,2025-10-29T14:01:05.279305
222441,0,0,0,0,2025-10-29T14:01:05.333948
222541,0,0,0,0,2025-10-29T14:01:05.473909
222641,0,0,0,0,2025-10-29T14:01:05.528701
222741,0,0,0,0,2025-10-29T14:01:05.678402
222841,0,0,0,0,2025-10-29T14:01:05.727649
222941,0,0,0,0,2025-10-29T14:01:05.895142
223041,0,0,0,0,2025-10-29T14:01:05.944510
223141,0,0,0,0,2025-10-29T14:01:06.083647
223241,0,0,0,0,2025-10-29T14:01:06.139048
223341,0,0,0,0,2025-10-29T14:01:06.284823
223441,0,0,0,0,2025-10-29T14:01:06.358452
223541,0,0,0,0,2025-10-29T14:01:06.498934
223641,0,0,0,0,2025-10-29T14:01:06.547379
223741,0,0,0,0,2025-10-29T14:01:06.682693
223841,0,0,0,0,2025-10-29T14:01:06.743121
223941,0,0,0,0,2025-10-29T14:01:06.901061
224041,0,0,0,0,2025-10-29T14:01:06.973369
224141,0,0,0,0,2025-10-29T14:01:07.014368
224241,0,0,0,0,2025-10-29T14:01:07.138743
224341,0,0,0,0,2025-10-29T14:01:07.286355
224441,0,0,0,0,2025-10-29T14:01:07.349315
224541,1272,1272,0,0,2025-10-29T14:01:07.490280
224641,1741,1741,317,1,2025-10-29T14:01:07.542798
224741,1800,1800,434,1,2025-10-29T14:01:07.689266
224841,1806,1806,449,1,2025-10-29T14:01:07.732906
224941,1855,1855,451,1,2025-10-29T14:01:07.879143
225041,1802,1802,463,1,2025-10-29T14:01:07.940126
225141,1787,1787,450,1,2025-10-29T14:01:08.088587
225241,1772,1772,446,1,2025-10-29T14:01:08.138837
225341,1881,1881,442,1,2025-10-29T14:01:08.280430
225441,1787,1787,469,1,2025-10-29T14:01:08.329866
225541,1800,1800,446,1,2025-10-29T14:01:08.508980
225641,1816,1816,449,1,2025-10-29T14:01:08.566243
225741,1725,1725,453,1,2025-10-29T14:01:08.610921
225841,1784,1784,430,1,2025-10-29T14:01:08.730162
225941,1775,1775,445,1,2025-10-29T14:01:08.904862
226041,1770,1770,443,1,2025-10-29T14:01:08.963229
226141,1723,1723,442,1,2025-10-29T14:01:09.085631
226241,1691,1691,430,1,2025-10-29T14:01:09.175565
226341,1712,1712,422,1,2025-10-29T14:01:09.210846
226441,1757,1757,427,1,2025-10-29T14:01:09.315538
226541,1767,1767,438,1,2025-10-29T14:01:09.410856
226641,1767,1767,441,1,2025-10-29T14:01:09.515676
226741,1753,1753,441,1,2025-10-29T14:01:09.744868
226841,204,204,437,1,2025-10-29T14:01:09.802758
226941,0,0,50,1,2025-10-29T14:01:09.810740
227041,0,0,0,0,2025-10-29T14:01:09.943478
227141,0,0,0,0,2025-10-29T14:01:10.010692
227241,0,0,0,0,2025-10-29T14:01:10.131893
227341,0,0,0,0,2025-10-29T14:01:10.214133
227441,0,0,0,0,2025-10-29T14:01:10.381009
227541,0,0,0,0,2025-10-29T14:01:10.428971
227641,0,0,0,0,2025-10-29T14:01:10.595656
227741,0,0,0,0,2025-10-29T14:01:10.651004
227841,0,0,0,0,2025-10-29T14:01:10.784928
227941,0,0,0,0,2025-10-29T14:01:10.836657
228041,0,0,0,0,2025-10-29T14:01:10.985525
228141,0,0,0,0,2025-10-29T14:01:11.032981
228241,0,0,0,0,2025-10-29T14:01:11.187786
228341,0,0,0,0,2025-10-29T14:01:11.245144
228441,0,0,0,0,2025-10-29T14:01:11.400910
228541,0,0,0,0,2025-10-29T14:01:11.457953
228641,0,0,0,0,2025-10-29T14:01:11.573303
228741,0,0,0,0,2025-10-29T14:01:11.659498
228841,0,0,0,0,2025-10-29T14:01:11.803903
228941,0,0,0,0,2025-10-29T14:01:11.856999
229041,0,0,0,0,2025-10-29T14:01:11.999277
229141,0,0,0,0,2025-10-29T14:01:12.055447
229241,0,0,0,0,2025-10-29T14:01:12.207977
229341,0,0,0,0,2025-10-29T14:01:12.263992
229441,0,0,0,0,2025-10-29T14:01:12.310760
229541,0,0,0,0,2025-10-29T14:01:12.441005
229641,0,0,0,0,2025-10-29T14:01:12.510602
229741,0,0,0,0,2025-10-29T14:01:12.638653
229841,0,0,0,0,2025-10-29T14:01:12.710631
229941,0,0,0,0,2025-10-29T14:01:12.810844
230041,1676,1676,0,0,2025-10-29T14:01:12.910691
230141,1817,1817,418,1,2025-10-29T14:01:13.051679
230241,1790,1790,453,1,2025-10-29T14:01:13.207201
230341,1803,1803,447,1,2025-10-29T14:01:13.269359
230441,1819,1819,450,1,2025-10-29T14:01:13.310695
230541,1787,1787,454,1,2025-10-29T14:01:13.448891
230641,1822,1822,446,1,2025-10-29T14:01:13.614299
230741,1850,1850,455,1,2025-10-29T14:01:13.669246
230841,1816,1816,462,1,2025-10-29T14:01:13.806703
230941,1819,1819,453,1,2025-10-29T14:01:13.862264
231041,1866,1866,454,1,2025-10-29T14:01:13.910709
231141,1785,1785,466,1,2025-10-29T14:01:14.070816
231241,1782,1782,445,1,2025-10-29T14:01:14.110625
231341,1770,1770,445,1,2025-10-29T14:01:14.257945
231441,1803,1803,442,1,2025-10-29T14:01:14.310688
231541,1823,1823,450,1,2025-10-29T14:01:14.448344
231641,1744,1744,455,1,2025-10-29T14:01:14.606557
231741,1786,1786,435,1,2025-10-29T14:01:14.664325
231841,1741,1741,446,1,2025-10-29T14:01:14.799641
231941,1804,1804,434,1,2025-10-29T14:01:14.854084
232041,1820,1820,450,1,2025-10-29T14:01:14.997311
232141,1759,1759,454,1,2025-10-29T14:01:15.057658
232241,1848,1848,439,1,2025-10-29T14:01:15.211974
232341,0,0,461,1,2025-10-29T14:01:15.260562
232441,0,0,0,0,2025-10-29T14:01:15.396001
232541,0,0,0,0,2025-10-29T14:01:15.447338
232641,0,0,0,0,2025-10-29T14:01:15.581594
232741,0,0,0,0,2025-10-29T14:01:15.640278
232841,0,0,0,0,2025-10-29T14:01:15.836868
232941,0,0,0,0,2025-10-29T14:01:15.894055
233041,0,0,0,0,2025-10-29T14:01:15.910467
233141,0,0,0,0,2025-10-29T14:01:16.043671
233241,0,0,0,0,2025-10-29T14:01:16.110449
233341,0,0,0,0,2025-10-29T14:01:16.261284
233441,0,0,0,0,2025-10-29T14:01:16.327176
233541,0,0,0,0,2025-10-29T14:01:16.462019
233641,0,0,0,0,2025-10-29T14:01:16.523455
233741,0,0,0,0,2025-10-29T14:01:16.647658
233841,0,0,0,0,2025-10-29T14:01:16.727407
233941,0,0,0,0,2025-10-29T14:01:16.885018
234041,0,0,0,0,2025-10-29T14:01:16.914938
234141,0,0,0,0,2025-10-29T14:01:17.091098
234241,0,0,0,0,2025-10-29T14:01:17.139884
234341,0,0,0,0,2025-10-29T14:01:17.281427
234441,0,0,0,0,2025-10-29T14:01:17.340913
234541,0,0,0,0,2025-10-29T14:01:17.499262
234641,0,0,0,0,2025-10-29T14:01:17.547646
234741,0,0,0,0,2025-10-29T14:01:17.690144
234841,0,0,0,0,2025-10-29T14:01:17.758198
234941,0,0,0,0,2025-10-29T14:01:17.895815
235041,0,0,0,0,2025-10-29T14:01:17.953022
235141,0,0,0,0,2025-10-29T14:01:18.103727
235241,0,0,0,0,2025-10-29T14:01:18.144017
235341,0,0,0,0,2025-10-29T14:01:18.311699
235441,619,619,0,0,2025-10-29T14:01:18.380612
235541,1879,1879,154,1,2025-10-29T14:01:18.547480
235641,1945,1945,469,1,2025-10-29T14:01:18.596304
235741,1863,1863,485,1,2025-10-29T14:01:18.610479
235841,1832,1832,465,1,2025-10-29T14:01:18.756919
235941,1902,1902,457,1,2025-10-29T14:01:18.812520
236041,1787,1787,475,1,2025-10-29T14:01:18.972953
236141,1868,1868,446,1,2025-10-29T14:01:19.019704
236241,1801,1801,466,1,2025-10-29T14:01:19.164093
236341,1823,1823,449,1,2025-10-29T14:01:19.253274
236441,1865,1865,455,1,2025-10-29T14:01:19.383880
236541,1755,1755,465,1,2025-10-29T14:01:19.433311
236641,1818,1818,438,1,2025-10-29T14:01:19.590700
236741,1772,1772,454,1,2025-10-29T14:01:19.642942
236841,1790,1790,442,1,2025-10-29T14:01:19.818714
236941,1864,1864,447,1,2025-10-29T14:01:19.889921
237041,1759,1759,465,1,2025-10-29T14:01:19.910397
237141,1719,1719,439,1,2025-10-29T14:01:20.033357
237241,1786,1786,429,1,2025-10-29T14:01:20.110453
237341,1773,1773,446,1,2025-10-29T14:01:20.238102
237441,1830,1830,442,1,2025-10-29T14:01:20.310402
237541,1723,1723,457,1,2025-10-29T14:01:20.428260
237641,1784,1784,430,1,2025-10-29T14:01:20.510399
237741,1833,1833,445,1,2025-10-29T14:01:20.633270
237841,0,0,457,1,2025-10-29T14:01:20.710363
237941,0,0,0,0,2025-10-29T14:01:20.885995
238041,0,0,0,0,2025-10-29T14:01:20.916894
238141,0,0,0,0,2025-10-29T14:01:21.064913
238241,0,0,0,0,2025-10-29T14:01:21.128640
238341,0,0,0,0,2025-10-29T14:01:21.275570
238441,0,0,0,0,2025-10-29T14:01:21.333719
238541,0,0,0,0,2025-10-29T14:01:21.478716
238641,0,0,0,0,2025-10-29T14:01:21.529827
238741,0,0,0,0,2025-10-29T14:01:21.671551
238841,0,0,0,0,2025-10-29T14:01:21.731765
238941,0,0,0,0,2025-10-29T14:01:21.834329
239041,0,0,0,0,2025-10-29T14:01:21.922198
239141,0,0,0,0,2025-10-29T14:01:22.091095
239241,0,0,0,0,2025-10-29T14:01:22.155639
239341,0,0,0,0,2025-10-29T14:01:22.300104
239441,0,0,0,0,2025-10-29T14:01:22.355854
239541,0,0,0,0,2025-10-29T14:01:22.501815
239641,0,0,0,0,2025-10-29T14:01:22.561842
239741,0,0,0,0,2025-10-29T14:01:22.714326
239841,0,0,0,0,2025-10-29T14:01:22.778975
239941,0,0,0,0,2025-10-29T14:01:22.810109
240041,0,0,0,0,2025-10-29T14:01:22.955633
240141,0,0,0,0,2025-10-29T14:01:23.010079
240241,0,0,0,0,2025-10-29T14:01:23.125066
240341,0,0,0,0,2025-10-29T14:01:23.210104
240441,0,0,0,0,2025-10-29T14:01:23.357274
240541,0,0,0,0,2025-10-29T14:01:23.410075
240641,0,0,0,0,2025-10-29T14:01:23.517017
240741,0,0,0,0,2025-10-29T14:01:23.610063
240841,0,0,0,0,2025-10-29T14:01:23.742460
240941,1419,1419,0,0,2025-10-29T14:01:23.810539
241041,1788,1788,354,1,2025-10-29T14:01:23.957817
241141,1932,1932,446,1,2025-10-29T14:01:24.109171
241241,1864,1864,482,1,2025-10-29T14:01:24.163173
241341,1836,1836,465,1,2025-10-29T14:01:24.287155
241441,1847,1847,458,1,2025-10-29T14:01:24.331805
241541,1855,1855,461,1,2025-10-29T14:01:24.492008
241641,1852,1852,463,1,2025-10-29T14:01:24.549824
241741,1772,1772,462,1,2025-10-29T14:01:24.683076
241841,1788,1788,442,1,2025-10-29T14:01:24.748438
241941,1692,1692,446,1,2025-10-29T14:01:24.898966
242041,1774,1774,422,1,2025-10-29T14:01:24.950290
242141,1772,1772,443,1,2025-10-29T14:01:25.094305
242241,1775,1775,442,1,2025-10-29T14:01:25.138559
242341,1758,1758,443,1,2025-10-29T14:01:25.293740
242441,1656,1656,439,1,2025-10-29T14:01:25.369122
242541,1689,1689,413,1,2025-10-29T14:01:25.411661
242641,1743,1743,421,1,2025-10-29T14:01:25.571511
242741,1692,1692,435,1,2025-10-29T14:01:25.610085
242841,1644,1644,422,1,2025-10-29T14:01:25.737767
242941,1709,1709,410,1,2025-10-29T14:01:25.920958
243041,1660,1660,426,1,2025-10-29T14:01:25.986569
243141,1656,1656,414,1,2025-10-29T14:01:26.010082
243241,0,0,413,1,2025-10-29T14:01:26.134162
243341,0,0,0,0,2025-10-29T14:01:26.209970
243441,0,0,0,0,2025-10-29T14:01:26.339911
243541,0,0,0,0,2025-10-29T14:01:26.410425
243641,0,0,0,0,2025-10-29T14:01:26.546100
243741,0,0,0,0,2025-10-29T14:01:26.610441
243841,0,0,0,0,2025-10-29T14:01:26.739906
243941,0,0,0,0,2025-10-29T14:01:26.810433
244041,0,0,0,0,2025-10-29T14:01:26.941790
244141,0,0,0,0,2025-10-29T14:01:27.009892
244241,0,0,0,0,2025-10-29T14:01:27.162242
244341,0,0,0,0,2025-10-29T14:01:27.220709
244441,0,0,0,0,2025-10-29T14:01:27.385892
244541,0,0,0,0,2025-10-29T14:01:27.454812
244641,0,0,0,0,2025-10-29T14:01:27.579355
244741,0,0,0,0,2025-10-29T14:01:27.651277
244841,0,0,0,0,2025-10-29T14:01:27.716519
244941,0,0,0,0,2025-10-29T14:01:27.864031
245041,0,0,0,0,2025-10-29T14:01:27.972597
245141,0,0,0,0,2025-10-29T14:01:28.066229
245241,0,0,0,0,2025-10-29T14:01:28.185168
245341,0,0,0,0,2025-10-29T14:01:28.249575
245441,0,0,0,0,2025-10-29T14:01:28.309850
245541,0,0,0,0,2025-10-29T14:01:28.469401
245641,0,0,0,0,2025-10-29T14:01:28.509808
245741,0,0,0,0,2025-10-29T14:01:28.639336
245841,0,0,0,0,2025-10-29T14:01:28.709830
245941,0,0,0,0,2025-10-29T14:01:28.835797
246041,0,0,0,0,2025-10-29T14:01:28.909815
246141,0,0,0,0,2025-10-29T14:01:29.030027
246241,0,0,0,0,2025-10-29T14:01:29.109830
246341,0,0,0,0,2025-10-29T14:01:29.227576
246441,1325,1325,0,0,2025-10-29T14:01:29.309997
246541,1502,1502,331,1,2025-10-29T14:01:29.424021
246641,1518,1518,375,1,2025-10-29T14:01:29.509933
246741,1351,1351,379,1,2025-10-29T14:01:29.637576
246841,1466,1466,337,1,2025-10-29T14:01:29.709906
246941,1549,1549,366,1,2025-10-29T14:01:29.854580
247041,1613,1613,386,1,2025-10-29T14:01:29.914857
247141,1611,1611,402,1,2025-10-29T14:01:30.028631
247241,1563,1563,402,1,2025-10-29T14:01:30.124468
247341,1496,1496,390,1,2025-10-29T14:01:30.269643
247441,1550,1550,373,1,2025-10-29T14:01:30.313724
